{
  "ttft_blend_seconds": [
    0.04182243347167969,
    0.026337862014770508,
    0.026621341705322266,
    0.026172399520874023,
    0.026032686233520508,
    0.02600264549255371,
    0.02597975730895996,
    0.025899410247802734,
    0.025896072387695312,
    0.025924205780029297,
    0.02628803253173828,
    0.025923490524291992
  ],
  "ttft_full_seconds": [
    0.0322260856628418,
    0.030167579650878906,
    0.028376340866088867,
    0.03013134002685547,
    0.028418302536010742,
    0.028359413146972656,
    0.02820587158203125,
    0.028168678283691406,
    0.02895331382751465,
    0.028483867645263672,
    0.0303800106048584,
    0.028177499771118164
  ],
  "metadata": {
    "dataset": "/CompCache/longctx_eval/inputs/needle_haystack_s.json",
    "n_queries": 12
  }
}