{
  "metric_name": "F1",
  "F1_blend": [
    0.0,
    0.0,
    0.0,
    0.0,
    0.39999999999999997,
    0.9411764705882353,
    0.4444444444444445,
    0.0,
    0.0,
    0.0,
    0.0,
    0.3636363636363636
  ],
  "F1_full": [
    0.7499999999999999,
    0.3157894736842105,
    1.0,
    0.0,
    0.8,
    0.761904761904762,
    0.6666666666666666,
    1.0,
    0.7000000000000001,
    0.6666666666666666,
    0.625,
    1.0
  ],
  "mean_F1_blend": 0.17910477322242027,
  "mean_F1_full": 0.6905022974101923,
  "n_queries": 12,
  "dataset": "/CompCache/longctx_eval/inputs/needle_haystack_s.json"
}