{
  "benchmark": "needle_in_haystack_heatmap",
  "dataset": "/CompCache/longctx_eval/inputs/needle_haystack_l.json",
  "n_examples": 288,
  "success_threshold": 0.5,
  "depth_bin_edges_percent": [
    0.0,
    8.333333333333334,
    16.666666666666668,
    25.0,
    33.333333333333336,
    41.66666666666667,
    50.0,
    58.333333333333336,
    66.66666666666667,
    75.0,
    83.33333333333334,
    91.66666666666667,
    100.0
  ],
  "context_bin_edges_chars": [
    3342.0,
    7705.583333333333,
    12069.166666666666,
    16432.75,
    20796.333333333332,
    25159.916666666664,
    29523.5,
    33887.08333333333,
    38250.666666666664,
    42614.25,
    46977.83333333333,
    51341.416666666664,
    55705.0
  ],
  "grid_mean_F1_blend": [
    [
      0.44796380090497734,
      0.21428571428571427,
      0.0,
      0.319327731092437,
      1.0,
      0.5,
      0.15384615384615383,
      0.0,
      0.3333333333333333,
      0.5,
      0.2777777777777778,
      0.0
    ],
    [
      0.0,
      0.0,
      0.5,
      0.4871794871794871,
      0.0,
      0.4,
      0.0,
      0.28571428571428575,
      0.08695652173913045,
      0.0,
      0.0,
      0.08695652173913045
    ],
    [
      0.21428571428571427,
      0.5869565217391305,
      0.6538461538461539,
      0.5,
      0.0,
      0.5526315789473684,
      0.537037037037037,
      0.2631578947368421,
      0.5,
      0.5,
      0.0,
      0.5
    ],
    [
      0.33,
      0.1111111111111111,
      0.0,
      0.0,
      0.0,
      0.11538461538461539,
      1.0,
      0.14285714285714288,
      0.5,
      0.0,
      0.0,
      0.0
    ],
    [
      0.5,
      0.0,
      0.3333333333333333,
      0.05263157894736842,
      0.5,
      0.09523809523809522,
      0.5,
      0.3,
      0.0,
      0.08695652173913045,
      0.0,
      0.5
    ],
    [
      0.1111111111111111,
      0.28571428571428575,
      0.5,
      0.6875,
      0.3681318681318681,
      0.8333333333333333,
      0.5,
      0.0,
      0.0,
      0.2631578947368421,
      0.0,
      0.0
    ],
    [
      0.0,
      0.5,
      0.5,
      0.0,
      0.09090909090909091,
      0.40476190476190477,
      0.5,
      0.8333333333333334,
      0.5,
      0.0,
      0.0,
      0.0
    ],
    [
      0.3681318681318681,
      0.3,
      0.5909090909090909,
      0.7333333333333334,
      0.5,
      0.5,
      0.25,
      0.5,
      0.3333333333333333,
      0.5,
      0.0,
      0.0
    ],
    [
      0.6111111111111112,
      0.21428571428571427,
      0.75,
      0.15384615384615383,
      0.8333333333333333,
      0.5,
      0.0,
      0.09090909090909091,
      0.38461538461538464,
      0.28571428571428575,
      0.1818181818181818,
      0.0
    ],
    [
      0.14285714285714288,
      0.3875,
      0.0,
      0.0,
      0.5,
      0.0,
      0.5,
      0.3333333333333333,
      0.5,
      0.5,
      0.5,
      0.0
    ],
    [
      0.0,
      0.11764705882352942,
      0.75,
      0.09090909090909091,
      0.2631578947368421,
      0.5,
      0.8333333333333333,
      0.5,
      1.0,
      0.5,
      1.0,
      0.5
    ],
    [
      0.3,
      0.14285714285714288,
      0.0,
      0.5,
      0.3333333333333333,
      1.0,
      1.0,
      0.3333333333333333,
      0.6666666666666666,
      0.5,
      1.0,
      0.0
    ]
  ],
  "grid_mean_F1_full": [
    [
      0.5,
      0.8333333333333333,
      0.6190476190476191,
      0.8333333333333333,
      0.5,
      0.5,
      0.5,
      0.0,
      0.0,
      0.5,
      0.3333333333333333,
      0.5
    ],
    [
      0.0,
      0.35714285714285715,
      0.0,
      0.5,
      0.0,
      0.5,
      0.2631578947368421,
      0.25,
      0.7857142857142858,
      0.0,
      0.5,
      0.8333333333333334
    ],
    [
      0.5,
      0.8571428571428572,
      1.0,
      0.5,
      0.5,
      0.8333333333333333,
      0.42063492063492064,
      0.6904761904761905,
      1.0,
      0.11764705882352941,
      0.5,
      0.5
    ],
    [
      0.6818181818181818,
      0.5,
      0.7727272727272727,
      0.08695652173913042,
      0.5,
      0.2727272727272727,
      0.8,
      0.5,
      0.5,
      0.0,
      0.5,
      0.7777777777777778
    ],
    [
      0.6538461538461539,
      0.0,
      0.8333333333333333,
      0.0,
      0.5,
      0.5,
      0.2727272727272727,
      0.2777777777777778,
      0.5,
      0.5,
      0.0,
      0.5
    ],
    [
      0.5,
      0.5,
      0.5,
      0.8333333333333333,
      1.0,
      0.8333333333333333,
      0.7727272727272727,
      0.0,
      0.2631578947368421,
      0.35714285714285715,
      0.3333333333333333,
      0.2777777777777778
    ],
    [
      0.5,
      0.7727272727272727,
      0.8333333333333333,
      0.0,
      0.5,
      0.75,
      1.0,
      0.7777777777777778,
      0.5,
      0.5,
      0.5,
      0.2
    ],
    [
      0.8333333333333333,
      0.39682539682539686,
      0.9285714285714286,
      0.8333333333333333,
      0.5,
      0.5,
      0.15384615384615385,
      0.5,
      0.3333333333333333,
      0.5,
      0.5,
      1.0
    ],
    [
      0.8846153846153846,
      0.5,
      0.32386363636363635,
      0.5,
      0.6538461538461539,
      0.5,
      0.0,
      0.5,
      0.0,
      0.14285714285714285,
      0.0,
      0.5
    ],
    [
      0.5,
      0.5714285714285714,
      0.0,
      0.0,
      0.5,
      0.0,
      0.5,
      0.3333333333333333,
      0.16666666666666669,
      0.6578947368421053,
      0.5,
      0.0
    ],
    [
      0.0,
      0.5,
      1.0,
      0.5,
      0.2608695652173913,
      0.8333333333333333,
      0.5,
      0.5,
      1.0,
      0.3333333333333333,
      1.0,
      0.8333333333333333
    ],
    [
      0.1875,
      0.5,
      0.0,
      0.5,
      0.3333333333333333,
      1.0,
      0.6333333333333333,
      0.0,
      0.3333333333333333,
      0.5,
      0.8,
      0.0
    ]
  ],
  "grid_success_rate_blend": [
    [
      0.5,
      0.0,
      0.0,
      0.0,
      1.0,
      0.5,
      0.0,
      0.0,
      0.5,
      0.5,
      0.5,
      0.0
    ],
    [
      0.0,
      0.0,
      0.5,
      0.5,
      0.0,
      0.5,
      0.0,
      0.5,
      0.0,
      0.0,
      0.0,
      0.0
    ],
    [
      0.0,
      0.5,
      0.5,
      0.5,
      0.0,
      0.5,
      0.5,
      0.5,
      0.5,
      0.5,
      0.0,
      0.5
    ],
    [
      0.5,
      0.0,
      0.0,
      0.0,
      0.0,
      0.0,
      1.0,
      0.0,
      0.5,
      0.0,
      0.0,
      0.0
    ],
    [
      0.5,
      0.0,
      0.5,
      0.0,
      0.5,
      0.0,
      0.5,
      0.5,
      0.0,
      0.0,
      0.0,
      0.5
    ],
    [
      0.0,
      0.5,
      0.5,
      0.5,
      0.0,
      1.0,
      0.5,
      0.0,
      0.0,
      0.5,
      0.0,
      0.0
    ],
    [
      0.0,
      0.5,
      0.5,
      0.0,
      0.0,
      0.5,
      0.5,
      1.0,
      0.5,
      0.0,
      0.0,
      0.0
    ],
    [
      0.0,
      0.5,
      0.5,
      1.0,
      0.5,
      0.5,
      0.5,
      0.5,
      0.5,
      0.5,
      0.0,
      0.0
    ],
    [
      0.5,
      0.0,
      1.0,
      0.0,
      1.0,
      0.5,
      0.0,
      0.0,
      0.5,
      0.5,
      0.0,
      0.0
    ],
    [
      0.0,
      0.0,
      0.0,
      0.0,
      0.5,
      0.0,
      0.5,
      0.5,
      0.5,
      0.5,
      0.5,
      0.0
    ],
    [
      0.0,
      0.0,
      1.0,
      0.0,
      0.5,
      0.5,
      1.0,
      0.5,
      1.0,
      0.5,
      1.0,
      0.5
    ],
    [
      0.5,
      0.0,
      0.0,
      0.5,
      0.5,
      1.0,
      1.0,
      0.5,
      1.0,
      0.5,
      1.0,
      0.0
    ]
  ],