{
  "alpha": 1.949570098015464,
  "r_squared": 0.8668309711260873,
  "n_queries": 15,
  "n_unique_docs": 3,
  "n_unique_pairs": 3,
  "top_pairs": [
    [
      [
        "c0",
        "c1"
      ],
      15
    ],
    [
      [
        "c0",
        "c2"
      ],
      2
    ],
    [
      [
        "c1",
        "c2"
      ],
      2
    ]
  ],
  "doc_frequencies": {
    "c0": 15,
    "c1": 15,
    "c2": 2
  }
}