{
  "ttft_blend_seconds": [
    0.051993608474731445,
    0.025892972946166992,
    0.024331092834472656,
    0.02432107925415039,
    0.024249792098999023,
    0.024231433868408203,
    0.024289608001708984,
    0.02556777000427246,
    0.024287939071655273,
    0.025765657424926758,
    0.024227380752563477,
    0.02409958839416504,
    0.02429509162902832,
    0.024536609649658203,
    0.02412891387939453
  ],
  "ttft_full_seconds": [
    0.028455257415771484,
    0.028271198272705078,
    0.028402328491210938,
    0.028491973876953125,
    0.028557777404785156,
    0.028060197830200195,
    0.027791261672973633,
    0.028553485870361328,
    0.027930021286010742,
    0.028697967529296875,
    0.028622150421142578,
    0.028342485427856445,
    0.02824258804321289,
    0.028684616088867188,
    0.028845548629760742
  ],
  "metadata": {
    "dataset": "/CompCache/longctx_eval/inputs/oolong_s.json",
    "n_queries": 15
  }
}