{
  "metric_name": "F1",
  "F1_blend": [
    0.1142857142857143,
    0.0,
    0.048780487804878044,
    0.0,
    0.0,
    0.1,
    0.0,
    0.08333333333333334,
    0.09090909090909091,
    0.0,
    0.08695652173913045,
    0.0,
    0.13333333333333333,
    0.047619047619047616,
    0.0
  ],
  "F1_full": [
    0.1,
    0.0,
    0.0909090909090909,
    0.05714285714285715,
    0.0,
    0.09523809523809523,
    0.1081081081081081,
    0.07142857142857144,
    0.058823529411764705,
    0.06451612903225806,
    0.08888888888888888,
    0.1081081081081081,
    0.12903225806451613,
    0.0,
    0.08333333333333334
  ],
  "mean_F1_blend": 0.047014501934968526,
  "mean_F1_full": 0.07036859797770614,
  "n_queries": 15,
  "dataset": "/CompCache/longctx_eval/inputs/oolong_s.json"
}