{
  "alpha": 0.6758714983747061,
  "r_squared": 0.8715421185139253,
  "n_queries": 220,
  "n_unique_docs": 5,
  "n_unique_pairs": 10,
  "top_pairs": [
    [
      [
        "c0",
        "c1"
      ],
      220
    ],
    [
      [
        "c0",
        "c2"
      ],
      158
    ],
    [
      [
        "c1",
        "c2"
      ],
      158
    ],
    [
      [
        "c0",
        "c3"
      ],
      106
    ],
    [
      [
        "c1",
        "c3"
      ],
      106
    ],
    [
      [
        "c2",
        "c3"
      ],
      106
    ],
    [
      [
        "c0",
        "c4"
      ],
      54
    ],
    [
      [
        "c1",
        "c4"
      ],
      54
    ],
    [
      [
        "c2",
        "c4"
      ],
      54
    ],
    [
      [
        "c3",
        "c4"
      ],
      54
    ]
  ],
  "doc_frequencies": {
    "c0": 220,
    "c1": 220,
    "c2": 158,
    "c3": 106,
    "c4": 54
  }
}