{
  "query_index": [
    0,
    1,
    2,
    3,
    4,
    5,
    6,
    7,
    8,
    9,
    10,
    11,
    12,
    13,
    14,
    15,
    16,
    17,
    18,
    19,
    20,
    21,
    22,
    23,
    24,
    25,
    26,
    27,
    28,
    29,
    30,
    31,
    32,
    33,
    34,
    35,
    36,
    37,
    38,
    39,
    40,
    41,
    42,
    43,
    44,
    45,
    46,
    47,
    48,
    49,
    50,
    51,
    52,
    53,
    54,
    55,
    56,
    57,
    58,
    59,
    60,
    61,
    62,
    63,
    64,
    65,
    66,
    67,
    68,
    69,
    70,
    71,
    72,
    73,
    74,
    75,
    76,
    77,
    78,
    79,
    80,
    81,
    82,
    83,
    84,
    85,
    86,
    87,
    88,
    89,
    90,
    91,
    92,
    93,
    94,
    95,
    96,
    97,
    98,
    99,
    100,
    101,
    102,
    103,
    104,
    105,
    106,
    107,
    108,
    109,
    110,
    111,
    112,
    113,
    114,
    115,
    116,
    117,
    118,
    119,
    120,
    121,
    122,
    123,
    124,
    125,
    126,
    127,
    128,
    129,
    130,
    131,
    132,
    133,
    134,
    135,
    136,
    137,
    138,
    139,
    140,
    141,
    142,
    143,
    144,
    145,
    146,
    147,
    148,
    149,
    150,
    151,
    152,
    153,
    154,
    155,
    156,
    157,
    158,
    159,
    160,
    161,
    162,
    163,
    164,
    165,
    166,
    167,
    168,
    169,
    170,
    171,
    172,
    173,
    174,
    175,
    176,
    177,
    178,
    179,
    180,
    181,
    182,
    183,
    184,
    185,
    186,
    187,
    188,
    189,
    190,
    191,
    192,
    193,
    194,
    195,
    196,
    197,
    198,
    199
  ],
  "ttft_full_seconds": [
    0.11810183525085449,
    0.11795520782470703,
    0.13543200492858887,
    0.09635210037231445,
    0.12544846534729004,
    0.13447237014770508,
    0.1666100025177002,
    0.2597053050994873,
    0.12890934944152832,
    0.14429616928100586,
    0.14452338218688965,
    0.12144160270690918,
    0.13390350341796875,
    0.23439908027648926,
    0.0899658203125,
    0.14544010162353516,
    0.12968659400939941,
    0.12781429290771484,
    0.15941119194030762,
    0.0899507999420166,
    0.12222480773925781,
    0.1562669277191162,
    0.14780354499816895,
    0.10293436050415039,
    0.11345911026000977,
    0.10808086395263672,
    0.1703019142150879,
    0.030015230178833008,
    0.11284637451171875,
    0.11393141746520996,
    0.1224679946899414,
    0.10794258117675781,
    0.1131291389465332,
    0.14599370956420898,
    0.1278855800628662,
    0.17243504524230957,
    0.11177635192871094,
    0.08526039123535156,
    0.13162684440612793,
    0.12133240699768066,
    0.14747118949890137,
    0.1230919361114502,
    0.19660091400146484,
    0.17907428741455078,
    0.23734021186828613,
    0.10208797454833984,
    0.20848417282104492,
    0.18689608573913574,
    0.13608765602111816,
    0.1462717056274414,
    0.12961459159851074,
    0.12336230278015137,
    0.13530898094177246,
    0.12889766693115234,
    0.12725067138671875,
    0.1624002456665039,
    0.12625765800476074,
    0.12785625457763672,
    0.1373898983001709,
    0.08849763870239258,
    0.16840243339538574,
    0.11746048927307129,
    0.11040544509887695,
    0.08554458618164062,
    0.12163066864013672,
    0.1344757080078125,
    0.18668746948242188,
    0.18642258644104004,
    0.12194514274597168,
    0.1113123893737793,
    0.12886404991149902,
    0.08971452713012695,
    0.12729597091674805,
    0.1447768211364746,
    0.08391642570495605,
    0.08933639526367188,
    0.10098600387573242,
    0.13728713989257812,
    0.1300525665283203,
    0.11166667938232422,
    0.11854815483093262,
    0.12653613090515137,
    0.17204070091247559,
    0.11249899864196777,
    0.1486496925354004,
    0.1472015380859375,
    0.09836173057556152,
    0.1009218692779541,
    0.08737993240356445,
    0.07522344589233398,
    0.10338973999023438,
    0.08855557441711426,
    0.08380961418151855,
    0.10276937484741211,
    0.09147143363952637,
    0.12119483947753906,
    0.15869450569152832,
    0.17684698104858398,
    0.12415552139282227,
    0.08661127090454102,
    0.11043047904968262,
    0.13648152351379395,
    0.2069084644317627,
    0.12828564643859863,
    0.14670133590698242,
    0.11367416381835938,
    0.13008785247802734,
    0.1095426082611084,
    0.15888381004333496,
    0.08765554428100586,
    0.13895273208618164,
    0.12123274803161621,
    0.11381387710571289,
    0.09988617897033691,
    0.10997962951660156,
    0.1239626407623291,
    0.10817575454711914,
    0.12795424461364746,
    0.10223007202148438,
    0.12547779083251953,
    0.11752724647521973,
    0.08971118927001953,
    0.11097931861877441,
    0.10401058197021484,
    0.12120318412780762,
    0.08904218673706055,
    0.13947343826293945,
    0.10206174850463867,
    0.12872982025146484,
    0.13887739181518555,
    0.09120965003967285,
    0.12119388580322266,
    0.13790202140808105,
    0.17012882232666016,
    0.10341787338256836,
    0.17228984832763672,
    0.14558959007263184,
    0.1452186107635498,
    0.17692232131958008,
    0.09155011177062988,
    0.11097407341003418,
    0.12767910957336426,
    0.15494966506958008,
    0.09651494026184082,
    0.09083008766174316,
    0.13483285903930664,
    0.13759827613830566,
    0.13064956665039062,
    0.11029577255249023,
    0.12302684783935547,
    0.08916044235229492,
    0.1941368579864502,
    0.10136651992797852,
    0.1118464469909668,
    0.10473275184631348,
    0.1444108486175537,
    0.1348433494567871,
    0.12920880317687988,
    0.15932559967041016,
    0.15286564826965332,
    0.09868121147155762,
    0.1333026885986328,
    0.12113785743713379,
    0.12145161628723145,
    0.1553645133972168,
    0.17230582237243652,
    0.15822100639343262,
    0.1015324592590332,
    0.12999606132507324,
    0.1362154483795166,
    0.12587952613830566,
    0.12116599082946777,
    0.11880707740783691,
    0.10427641868591309,
    0.10245561599731445,
    0.10308384895324707,
    0.10434293746948242,
    0.1237025260925293,
    0.061364173889160156,
    0.10863971710205078,
    0.1722121238708496,
    0.13526463508605957,
    0.15835142135620117,
    0.1521291732788086,
    0.13485336303710938,
    0.12837886810302734,
    0.1268904209136963,
    0.10282421112060547,
    0.08946657180786133,
    0.13987493515014648,
    0.1482534408569336,
    0.111968994140625,
    0.19645237922668457,
    0.10316824913024902,
    0.1439974308013916,
    0.12945866584777832,
    0.11253690719604492,
    0.08871936798095703,
    0.17979717254638672,
    0.2601020336151123
  ],