{
  "query_index": [
    0,
    1,
    2,
    3,
    4,
    5,
    6,
    7,
    8,
    9,
    10,
    11,
    12,
    13,
    14,
    15,
    16,
    17,
    18,
    19,
    20,
    21,
    22,
    23,
    24,
    25,
    26,
    27,
    28,
    29,
    30,
    31,
    32,
    33,
    34,
    35,
    36,
    37,
    38,
    39,
    40,
    41,
    42,
    43,
    44,
    45,
    46,
    47,
    48,
    49,
    50,
    51,
    52,
    53,
    54,
    55,
    56,
    57,
    58,
    59,
    60,
    61,
    62,
    63,
    64,
    65,
    66,
    67,
    68,
    69,
    70,
    71,
    72,
    73,
    74,
    75,
    76,
    77,
    78,
    79,
    80,
    81,
    82,
    83,
    84,
    85,
    86,
    87,
    88,
    89,
    90,
    91,
    92,
    93,
    94,
    95,
    96,
    97,
    98,
    99,
    100,
    101,
    102,
    103,
    104,
    105,
    106,
    107,
    108,
    109,
    110,
    111,
    112,
    113,
    114,
    115,
    116,
    117,
    118,
    119,
    120,
    121,
    122,
    123,
    124,
    125,
    126,
    127,
    128,
    129,
    130,
    131,
    132,
    133,
    134,
    135,
    136,
    137,
    138,
    139,
    140,
    141,
    142,
    143,
    144,
    145,
    146,
    147,
    148,
    149,
    150,
    151,
    152,
    153,
    154,
    155,
    156,
    157,
    158,
    159,
    160,
    161,
    162,
    163,
    164,
    165,
    166,
    167,
    168,
    169,
    170,
    171
  ],
  "ttft_blend_seconds": [
    0.04826831817626953,
    0.04787254333496094,
    0.030364274978637695,
    0.02906322479248047,
    0.031250715255737305,
    0.0304412841796875,
    0.02858257293701172,
    0.030431747436523438,
    0.029799699783325195,
    0.030521631240844727,
    0.030635833740234375,
    0.030051231384277344,
    0.030350685119628906,
    0.030016660690307617,
    0.03002309799194336,
    0.030438899993896484,
    0.028800487518310547,
    0.030311107635498047,
    0.029590368270874023,
    0.030141353607177734,
    0.030214548110961914,
    0.030603647232055664,
    0.028539419174194336,
    0.030321836471557617,
    0.03007984161376953,
    0.03041815757751465,
    0.03122878074645996,
    0.030111312866210938,
    0.030896425247192383,
    0.030715465545654297,
    0.030266284942626953,
    0.031152725219726562,
    0.030419588088989258,
    0.030813217163085938,
    0.03018808364868164,
    0.0301816463470459,
    0.03103804588317871,
    0.030584335327148438,
    0.030948638916015625,
    0.030519723892211914,
    0.030698537826538086,
    0.03072071075439453,
    0.030435562133789062,
    0.030829191207885742,
    0.030363798141479492,
    0.029093503952026367,
    0.030733823776245117,
    0.03051471710205078,
    0.03013300895690918,
    0.030181884765625,
    0.03060317039489746,
    0.030379295349121094,
    0.030857324600219727,
    0.030552387237548828,
    0.029733657836914062,
    0.0313420295715332,
    0.030336618423461914,
    0.030816316604614258,
    0.0295102596282959,
    0.03002142906188965,
    0.029685497283935547,
    0.03052973747253418,
    0.02986454963684082,
    0.029976844787597656,
    0.03066277503967285,
    0.030672550201416016,
    0.03044891357421875,
    0.03009319305419922,
    0.0307309627532959,
    0.03059864044189453,
    0.029567480087280273,
    0.03068399429321289,
    0.028670310974121094,
    0.02993011474609375,
    0.03001999855041504,
    0.030457258224487305,
    0.029825210571289062,
    0.030593395233154297,
    0.02897047996520996,
    0.030863523483276367,
    0.03087592124938965,
    0.03025078773498535,
    0.029142379760742188,
    0.030808687210083008,
    0.03073906898498535,
    0.031067848205566406,
    0.03065013885498047,
    0.030503511428833008,
    0.029983997344970703,
    0.0307161808013916,
    0.028846025466918945,
    0.030869483947753906,
    0.030711650848388672,
    0.030451536178588867,
    0.030821561813354492,
    0.030231714248657227,
    0.02934432029724121,
    0.03049921989440918,
    0.03095388412475586,
    0.030928850173950195,
    0.03037548065185547,
    0.03073906898498535,
    0.030508041381835938,
    0.030539274215698242,
    0.02960062026977539,
    0.0311582088470459,
    0.029103755950927734,
    0.03067159652709961,
    0.0313262939453125,
    0.03043985366821289,
    0.030686378479003906,
    0.02933216094970703,
    0.03130984306335449,
    0.0309140682220459,
    0.028818130493164062,
    0.031063318252563477,
    0.030489206314086914,
    0.030347108840942383,
    0.030875682830810547,
    0.030546188354492188,
    0.03041243553161621,
    0.03104400634765625,
    0.030742406845092773,
    0.030923843383789062,
    0.029185771942138672,
    0.03096628189086914,
    0.030797719955444336,
    0.03054499626159668,
    0.03055119514465332,
    0.03045940399169922,
    0.02923440933227539,
    0.0313568115234375,
    0.030651330947875977,
    0.030728816986083984,
    0.030306339263916016,
    0.03009486198425293,
    0.03078436851501465,
    0.03018641471862793,
    0.029921293258666992,
    0.030722618103027344,
    0.030892133712768555,
    0.030674457550048828,
    0.030312299728393555,
    0.03040909767150879,
    0.03040933609008789,
    0.030181407928466797,
    0.03008127212524414,
    0.030269145965576172,
    0.03083658218383789,
    0.028872966766357422,
    0.02867865562438965,
    0.030057668685913086,
    0.030452728271484375,
    0.031096220016479492,
    0.030704975128173828,
    0.0300753116607666,
    0.03050971031188965,
    0.031108379364013672,
    0.029545307159423828,
    0.030335664749145508,
    0.031003713607788086,
    0.03108072280883789,
    0.030377864837646484,
    0.029788494110107422,
    0.031090259552001953,
    0.030946016311645508,
    0.028595924377441406,
    0.030048608779907227,
    0.030621767044067383,
    0.030001163482666016,
    0.03035283088684082,
    0.029160261154174805
  ],