{
  "query_index": [
    0,
    1,
    2,
    3,
    4,
    5,
    6,
    7,
    8,
    9,
    10,
    11,
    12,
    13,
    14,
    15,
    16,
    17,
    18,
    19,
    20,
    21,
    22,
    23,
    24,
    25,
    26,
    27,
    28,
    29,
    30,
    31,
    32,
    33,
    34,
    35,
    36,
    37,
    38,
    39,
    40,
    41,
    42,
    43,
    44,
    45,
    46,
    47,
    48,
    49,
    50,
    51,
    52,
    53,
    54,
    55,
    56,
    57,
    58,
    59,
    60,
    61,
    62,
    63,
    64,
    65,
    66,
    67,
    68,
    69,
    70,
    71,
    72,
    73,
    74,
    75,
    76,
    77,
    78,
    79,
    80,
    81,
    82,
    83,
    84,
    85,
    86,
    87,
    88,
    89,
    90,
    91,
    92,
    93,
    94,
    95,
    96,
    97,
    98,
    99,
    100,
    101,
    102,
    103,
    104,
    105,
    106,
    107,
    108,
    109,
    110,
    111,
    112,
    113,
    114,
    115,
    116,
    117,
    118,
    119,
    120,
    121,
    122,
    123,
    124,
    125,
    126,
    127,
    128,
    129,
    130,
    131,
    132,
    133,
    134,
    135,
    136,
    137,
    138,
    139,
    140,
    141,
    142,
    143,
    144,
    145,
    146,
    147,
    148,
    149,
    150,
    151,
    152,
    153,
    154,
    155,
    156,
    157,
    158,
    159,
    160,
    161,
    162,
    163,
    164,
    165,
    166,
    167,
    168,
    169,
    170,
    171
  ],
  "ttft_full_seconds": [
    0.034168243408203125,
    0.028914451599121094,
    0.03161025047302246,
    0.028239011764526367,
    0.0330500602722168,
    0.031349897384643555,
    0.02878403663635254,
    0.032602787017822266,
    0.033576250076293945,
    0.0335993766784668,
    0.03250408172607422,
    0.033477067947387695,
    0.0315556526184082,
    0.03332090377807617,
    0.03805112838745117,
    0.03226494789123535,
    0.02945089340209961,
    0.03395557403564453,
    0.03334164619445801,
    0.0338892936706543,
    0.03264617919921875,
    0.033776044845581055,
    0.028619050979614258,
    0.031885623931884766,
    0.03146243095397949,
    0.0346837043762207,
    0.0335841178894043,
    0.03386211395263672,
    0.03467822074890137,
    0.03368568420410156,
    0.03192281723022461,
    0.032697200775146484,
    0.03371477127075195,
    0.03283405303955078,
    0.03397703170776367,
    0.03132128715515137,
    0.032659053802490234,
    0.03453874588012695,
    0.039885520935058594,
    0.03372502326965332,
    0.031987905502319336,
    0.034172773361206055,
    0.03160905838012695,
    0.03207802772521973,
    0.03341031074523926,
    0.03047919273376465,
    0.033006906509399414,
    0.03871965408325195,
    0.03364419937133789,
    0.032912492752075195,
    0.03368377685546875,
    0.03480410575866699,
    0.040006160736083984,
    0.032026052474975586,
    0.03319549560546875,
    0.040637969970703125,
    0.03355836868286133,
    0.03927779197692871,
    0.02958965301513672,
    0.031229734420776367,
    0.02852344512939453,
    0.038715362548828125,
    0.03115534782409668,
    0.031264305114746094,
    0.03429412841796875,
    0.03390002250671387,
    0.03116893768310547,
    0.030907630920410156,
    0.03824567794799805,
    0.03812813758850098,
    0.03135848045349121,
    0.03365445137023926,
    0.028770923614501953,
    0.03106212615966797,
    0.03203773498535156,
    0.03318667411804199,
    0.031232357025146484,
    0.03827548027038574,
    0.028807640075683594,
    0.03852105140686035,
    0.032532453536987305,
    0.03301858901977539,
    0.028541088104248047,
    0.03275775909423828,
    0.038057804107666016,
    0.03305959701538086,
    0.0331881046295166,
    0.03351235389709473,
    0.03391718864440918,
    0.03213906288146973,
    0.028375625610351562,
    0.031711578369140625,
    0.03241753578186035,
    0.033149003982543945,
    0.03362679481506348,
    0.03319501876831055,
    0.028444766998291016,
    0.03296256065368652,
    0.032805681228637695,
    0.03939509391784668,
    0.03326416015625,
    0.03301119804382324,
    0.033294677734375,
    0.03333616256713867,
    0.030981063842773438,
    0.03250694274902344,
    0.02856612205505371,
    0.038501739501953125,
    0.04036545753479004,
    0.03837943077087402,
    0.03869915008544922,
    0.0288543701171875,
    0.04028058052062988,
    0.03351020812988281,
    0.028625965118408203,
    0.03242039680480957,
    0.03349924087524414,
    0.03399515151977539,
    0.03351163864135742,
    0.033280372619628906,
    0.03785562515258789,
    0.0322270393371582,
    0.032625675201416016,
    0.032386064529418945,
    0.028795242309570312,
    0.03312277793884277,
    0.03306317329406738,
    0.03814291954040527,
    0.03109431266784668,
    0.03223133087158203,
    0.02930164337158203,
    0.03266406059265137,
    0.03343009948730469,
    0.03754377365112305,
    0.0319371223449707,
    0.03158831596374512,
    0.03374028205871582,
    0.033106327056884766,
    0.031068086624145508,
    0.03402566909790039,
    0.03232145309448242,
    0.0390162467956543,
    0.03247475624084473,
    0.033905744552612305,
    0.03297781944274902,
    0.03153109550476074,
    0.030778169631958008,
    0.037535905838012695,
    0.03243255615234375,
    0.02865314483642578,
    0.028964996337890625,
    0.033060312271118164,
    0.03401470184326172,
    0.03214573860168457,
    0.032860517501831055,
    0.03080582618713379,
    0.03348827362060547,
    0.03230881690979004,
    0.030675411224365234,
    0.03237104415893555,
    0.032196998596191406,
    0.03226137161254883,
    0.03111433982849121,
    0.03261899948120117,
    0.03883647918701172,
    0.03365445137023926,
    0.028458595275878906,
    0.037534236907958984,
    0.032651424407958984,
    0.03275108337402344,
    0.03306174278259277,
    0.029224872589111328
  ],