{
  "query_index": [
    0,
    1,
    2,
    3,
    4,
    5,
    6,
    7,
    8,
    9,
    10,
    11,
    12,
    13,
    14,
    15,
    16,
    17,
    18,
    19,
    20,
    21,
    22,
    23,
    24,
    25,
    26,
    27,
    28,
    29,
    30,
    31,
    32,
    33,
    34,
    35,
    36,
    37,
    38,
    39,
    40,
    41,
    42,
    43,
    44,
    45,
    46,
    47,
    48,
    49,
    50,
    51,
    52,
    53,
    54,
    55,
    56,
    57,
    58,
    59,
    60,
    61,
    62,
    63,
    64,
    65,
    66,
    67,
    68,
    69,
    70,
    71,
    72,
    73,
    74,
    75,
    76,
    77,
    78,
    79,
    80,
    81,
    82,
    83,
    84,
    85,
    86,
    87,
    88,
    89,
    90,
    91,
    92,
    93,
    94,
    95,
    96,
    97,
    98,
    99,
    100,
    101,
    102,
    103,
    104,
    105,
    106,
    107,
    108,
    109,
    110,
    111,
    112,
    113,
    114,
    115,
    116,
    117,
    118,
    119,
    120,
    121,
    122,
    123,
    124,
    125,
    126,
    127,
    128,
    129,
    130,
    131,
    132,
    133,
    134,
    135,
    136,
    137,
    138,
    139,
    140,
    141,
    142,
    143,
    144,
    145,
    146,
    147,
    148,
    149
  ],
  "ttft_full_seconds": [
    0.3018224239349365,
    0.2942161560058594,
    0.29511308670043945,
    0.29315876960754395,
    0.2943243980407715,
    0.2893364429473877,
    0.28465914726257324,
    0.3076765537261963,
    0.29576802253723145,
    0.2899966239929199,
    0.2935464382171631,
    0.30202317237854004,
    0.30755138397216797,
    0.2869911193847656,
    0.29755115509033203,
    0.30252814292907715,
    0.3211324214935303,
    0.3033571243286133,
    0.2962672710418701,
    0.31780433654785156,
    0.30143237113952637,
    0.3094973564147949,
    0.3255937099456787,
    0.2934272289276123,
    0.30120229721069336,
    0.31326770782470703,
    0.2969362735748291,
    0.3134737014770508,
    0.2950403690338135,
    0.31263041496276855,
    0.30400919914245605,
    0.2978851795196533,
    0.30203962326049805,
    0.2798190116882324,
    0.29950952529907227,
    0.2953605651855469,
    0.30640506744384766,
    0.31606006622314453,
    0.30038022994995117,
    0.2969954013824463,
    0.29279232025146484,
    0.28537559509277344,
    0.2835407257080078,
    0.29207611083984375,
    0.28644824028015137,
    0.298398494720459,
    0.30040764808654785,
    0.2901122570037842,
    0.2891397476196289,
    0.29001379013061523,
    0.2848634719848633,
    0.3017723560333252,
    0.29077672958374023,
    0.2833707332611084,
    0.29845476150512695,
    0.3018605709075928,
    0.2900817394256592,
    0.2878704071044922,
    0.2904632091522217,
    0.3165247440338135,
    0.2763173580169678,
    0.2681312561035156,
    0.2977027893066406,
    0.2938365936279297,
    0.2868189811706543,
    0.2960219383239746,
    0.28913283348083496,
    0.26851844787597656,
    0.2909986972808838,
    0.29372501373291016,
    0.2751462459564209,
    0.29557299613952637,
    0.29022812843322754,
    0.2915785312652588,
    0.28981971740722656,
    0.3042104244232178,
    0.2940795421600342,
    0.3056294918060303,
    0.286421537399292,
    0.30640387535095215,
    0.2957589626312256,
    0.2739238739013672,
    0.314739465713501,
    0.31355786323547363,
    0.29656219482421875,
    0.3053734302520752,
    0.2942965030670166,
    0.30330944061279297,
    0.28217244148254395,
    0.27503347396850586,
    0.277515172958374,
    0.2977924346923828,
    0.28943753242492676,
    0.3022940158843994,
    0.2862849235534668,
    0.31982851028442383,
    0.27722620964050293,
    0.3023989200592041,
    0.300386905670166,
    0.30991601943969727,
    0.30489253997802734,
    0.3099229335784912,
    0.29813575744628906,
    0.3303976058959961,
    0.3055112361907959,
    0.3120145797729492,
    0.32335901260375977,
    0.3128855228424072,
    0.314680814743042,
    0.323641300201416,
    0.3214271068572998,
    0.30668210983276367,
    0.32596731185913086,
    0.34116673469543457,
    0.33164453506469727,
    0.3010671138763428,
    0.32607078552246094,
    0.31650376319885254,
    0.303081750869751,
    0.26721692085266113,
    0.3052096366882324,
    0.2694122791290283,
    0.2964200973510742,
    0.2903714179992676,
    0.2967808246612549,
    0.28750061988830566,
    0.3042905330657959,
    0.30039286613464355,
    0.2969236373901367,
    0.2999687194824219,
    0.30306482315063477,
    0.3165757656097412,
    0.30116701126098633,
    0.3004732131958008,
    0.26238417625427246,
    0.30445051193237305,
    0.300673246383667,
    0.3011462688446045,
    0.29218554496765137,
    0.30569887161254883,
    0.30245280265808105,
    0.3135416507720947,
    0.30200791358947754,
    0.30214667320251465,
    0.31847167015075684,
    0.3024756908416748,
    0.3029158115386963,
    0.28919053077697754,
    0.28520679473876953,
    0.3036346435546875
  ],