{
  "query_index": [
    0,
    1,
    2,
    3,
    4,
    5,
    6,
    7,
    8,
    9,
    10,
    11,
    12,
    13,
    14,
    15,
    16,
    17,
    18,
    19,
    20,
    21,
    22,
    23,
    24,
    25,
    26,
    27,
    28,
    29,
    30,
    31,
    32,
    33,
    34,
    35,
    36,
    37,
    38,
    39,
    40,
    41,
    42,
    43,
    44,
    45,
    46,
    47,
    48,
    49,
    50,
    51,
    52,
    53,
    54,
    55,
    56,
    57,
    58,
    59,
    60,
    61,
    62,
    63,
    64,
    65,
    66,
    67,
    68,
    69,
    70,
    71,
    72,
    73,
    74,
    75,
    76,
    77,
    78,
    79,
    80,
    81,
    82,
    83,
    84,
    85,
    86,
    87,
    88,
    89,
    90,
    91,
    92,
    93,
    94,
    95,
    96,
    97,
    98,
    99,
    100,
    101,
    102,
    103,
    104,
    105,
    106,
    107,
    108,
    109,
    110,
    111,
    112,
    113,
    114,
    115,
    116,
    117,
    118,
    119,
    120,
    121,
    122,
    123,
    124,
    125,
    126,
    127,
    128,
    129,
    130,
    131,
    132,
    133,
    134,
    135,
    136,
    137,
    138,
    139,
    140,
    141,
    142,
    143,
    144,
    145,
    146,
    147,
    148,
    149,
    150,
    151,
    152,
    153,
    154,
    155,
    156,
    157,
    158,
    159,
    160,
    161,
    162,
    163,
    164,
    165,
    166,
    167,
    168,
    169,
    170,
    171,
    172,
    173,
    174,
    175,
    176,
    177,
    178,
    179,
    180,
    181,
    182,
    183,
    184,
    185,
    186,
    187,
    188,
    189,
    190,
    191,
    192,
    193,
    194,
    195,
    196,
    197,
    198,
    199
  ],
  "ttft_blend_seconds": [
    0.1599569320678711,
    0.1355910301208496,
    0.14644098281860352,
    0.15084433555603027,
    0.18560099601745605,
    0.16155648231506348,
    0.15906476974487305,
    0.14914751052856445,
    0.1495823860168457,
    0.1581406593322754,
    0.14378070831298828,
    0.14549851417541504,
    0.14833950996398926,
    0.15051031112670898,
    0.14027714729309082,
    0.14116358757019043,
    0.15545201301574707,
    0.15311312675476074,
    0.14684176445007324,
    0.147416353225708,
    0.1360781192779541,
    0.15378999710083008,
    0.154313325881958,
    0.17941784858703613,
    0.15671706199645996,
    0.17136406898498535,
    0.14432144165039062,
    0.15252137184143066,
    0.1720731258392334,
    0.15128707885742188,
    0.15347504615783691,
    0.1446676254272461,
    0.17820096015930176,
    0.148390531539917,
    0.11982345581054688,
    0.16070055961608887,
    0.18069005012512207,
    0.17508339881896973,
    0.19183683395385742,
    0.17232751846313477,
    0.14512324333190918,
    0.1031334400177002,
    0.20157647132873535,
    0.15015745162963867,
    0.15198183059692383,
    0.17342686653137207,
    0.13089609146118164,
    0.14782929420471191,
    0.0982823371887207,
    0.14832043647766113,
    0.15820884704589844,
    0.1504676342010498,
    0.15887451171875,
    0.18312716484069824,
    0.14191102981567383,
    0.14065766334533691,
    0.18922805786132812,
    0.1041562557220459,
    0.15457844734191895,
    0.16405558586120605,
    0.14568519592285156,
    0.15019798278808594,
    0.1479816436767578,
    0.14828038215637207,
    0.14699769020080566,
    0.14957261085510254,
    0.13355636596679688,
    0.15156173706054688,
    0.17367172241210938,
    0.07394838333129883,
    0.1569359302520752,
    0.14957308769226074,
    0.14601969718933105,
    0.15152263641357422,
    0.15322351455688477,
    0.14374709129333496,
    0.1604018211364746,
    0.1654500961303711,
    0.16022205352783203,
    0.19303679466247559,
    0.16483402252197266,
    0.1850297451019287,
    0.15500831604003906,
    0.147003173828125,
    0.16312122344970703,
    0.17188501358032227,
    0.15999436378479004,
    0.16265034675598145,
    0.153594970703125,
    0.1784687042236328,
    0.14104628562927246,
    0.16133832931518555,
    0.15711092948913574,
    0.1217341423034668,
    0.1571187973022461,
    0.14740800857543945,
    0.15390944480895996,
    0.15169095993041992,
    0.12746334075927734,
    0.15021586418151855,
    0.16497135162353516,
    0.1829848289489746,
    0.1652674674987793,
    0.1217808723449707,
    0.15145254135131836,
    0.1461338996887207,
    0.1421971321105957,
    0.13300132751464844,
    0.1649000644683838,
    0.15160918235778809,
    0.18754863739013672,
    0.14346814155578613,
    0.13479852676391602,
    0.17634367942810059,
    0.14606571197509766,
    0.14645004272460938,
    0.18589067459106445,
    0.15048766136169434,
    0.1710968017578125,
    0.15535545349121094,
    0.1466836929321289,
    0.1817944049835205,
    0.15308451652526855,
    0.1648268699645996,
    0.15511870384216309,
    0.15640830993652344,
    0.14678335189819336,
    0.16957426071166992,
    0.15515708923339844,
    0.1038963794708252,
    0.15203070640563965,
    0.17181181907653809,
    0.14893651008605957,
    0.1532752513885498,
    0.16900396347045898,
    0.14748311042785645,
    0.1617414951324463,
    0.1267406940460205,
    0.1501619815826416,
    0.15943527221679688,
    0.14722609519958496,
    0.1575329303741455,
    0.1479032039642334,
    0.14317750930786133,
    0.1635267734527588,
    0.1568131446838379,
    0.14877915382385254,
    0.14850139617919922,
    0.15087628364562988,
    0.14972686767578125,
    0.13957834243774414,
    0.14879274368286133,
    0.14600396156311035,
    0.164597749710083,
    0.14783120155334473,
    0.14953994750976562,
    0.13988351821899414,
    0.1496410369873047,
    0.14549517631530762,
    0.1600172519683838,
    0.1688861846923828,
    0.17058062553405762,
    0.1804823875427246,
    0.14869165420532227,
    0.15893173217773438,
    0.15816068649291992,
    0.15286612510681152,
    0.14806175231933594,
    0.1592106819152832,
    0.18158578872680664,
    0.16617274284362793,
    0.157456636428833,
    0.15612316131591797,
    0.16342496871948242,
    0.16630268096923828,
    0.1881864070892334,
    0.1573636531829834,
    0.157301664352417,
    0.19559907913208008,
    0.1713097095489502,
    0.1588137149810791,
    0.14158201217651367,
    0.15106415748596191,
    0.14220046997070312,
    0.1423051357269287,
    0.15087127685546875,
    0.13432669639587402,
    0.15226149559020996,
    0.15811800956726074,
    0.14318108558654785,
    0.14988231658935547,
    0.14420318603515625,
    0.1431286334991455,
    0.15195512771606445,
    0.09102368354797363,
    0.14460277557373047,
    0.14060544967651367,
    0.13806366920471191,
    0.16199016571044922,
    0.14353299140930176
  ],