{
  "query_index": [
    0,
    1,
    2,
    3,
    4,
    5,
    6,
    7,
    8,
    9,
    10,
    11,
    12,
    13,
    14,
    15,
    16,
    17,
    18,
    19,
    20,
    21,
    22,
    23,
    24,
    25,
    26,
    27,
    28,
    29,
    30,
    31,
    32,
    33,
    34,
    35,
    36,
    37,
    38,
    39,
    40,
    41,
    42,
    43,
    44,
    45,
    46,
    47,
    48,
    49,
    50,
    51,
    52,
    53,
    54,
    55,
    56,
    57,
    58,
    59,
    60,
    61,
    62,
    63,
    64,
    65,
    66,
    67,
    68,
    69,
    70,
    71,
    72,
    73,
    74,
    75,
    76,
    77,
    78,
    79,
    80,
    81,
    82,
    83,
    84,
    85,
    86,
    87,
    88,
    89,
    90,
    91,
    92,
    93,
    94,
    95,
    96,
    97,
    98,
    99,
    100,
    101,
    102,
    103,
    104,
    105,
    106,
    107,
    108,
    109,
    110,
    111,
    112,
    113,
    114,
    115,
    116,
    117,
    118,
    119,
    120,
    121,
    122,
    123,
    124,
    125,
    126,
    127,
    128,
    129,
    130,
    131,
    132,
    133,
    134,
    135,
    136,
    137,
    138,
    139,
    140,
    141,
    142,
    143,
    144,
    145,
    146,
    147,
    148,
    149,
    150,
    151,
    152,
    153,
    154,
    155,
    156,
    157,
    158,
    159,
    160,
    161,
    162,
    163,
    164,
    165,
    166,
    167,
    168,
    169,
    170,
    171,
    172,
    173,
    174,
    175,
    176,
    177,
    178,
    179,
    180,
    181,
    182,
    183,
    184,
    185,
    186,
    187,
    188,
    189,
    190,
    191,
    192,
    193,
    194,
    195,
    196,
    197,
    198,
    199
  ],
  "ttft_blend_seconds": [
    0.09190702438354492,
    0.0711219310760498,
    0.07270216941833496,
    0.08174014091491699,
    0.10996127128601074,
    0.08589982986450195,
    0.08530545234680176,
    0.0816795825958252,
    0.07547450065612793,
    0.08722829818725586,
    0.07221293449401855,
    0.08070230484008789,
    0.08096098899841309,
    0.07541275024414062,
    0.0716240406036377,
    0.07317304611206055,
    0.08304166793823242,
    0.07439017295837402,
    0.07483911514282227,
    0.06478095054626465,
    0.062227487564086914,
    0.07463622093200684,
    0.08605766296386719,
    0.09707999229431152,
    0.07569670677185059,
    0.0935218334197998,
    0.06389069557189941,
    0.07223272323608398,
    0.09276795387268066,
    0.07227015495300293,
    0.08108806610107422,
    0.061945438385009766,
    0.09562063217163086,
    0.0626833438873291,
    0.05580401420593262,
    0.07334256172180176,
    0.09441995620727539,
    0.0854177474975586,
    0.09636354446411133,
    0.08494138717651367,
    0.07015466690063477,
    0.05677938461303711,
    0.11304259300231934,
    0.07373690605163574,
    0.07273578643798828,
    0.09446024894714355,
    0.06783342361450195,
    0.06318092346191406,
    0.04662752151489258,
    0.06837034225463867,
    0.07633495330810547,
    0.07100248336791992,
    0.08279824256896973,
    0.10681462287902832,
    0.06354713439941406,
    0.06299686431884766,
    0.11239171028137207,
    0.05024409294128418,
    0.07590651512145996,
    0.09522819519042969,
    0.07197427749633789,
    0.08130764961242676,
    0.07441592216491699,
    0.06511569023132324,
    0.07243919372558594,
    0.07262945175170898,
    0.07725405693054199,
    0.07279229164123535,
    0.0931084156036377,
    0.03804135322570801,
    0.07410120964050293,
    0.07019710540771484,
    0.06895852088928223,
    0.07276368141174316,
    0.07208585739135742,
    0.06996750831604004,
    0.07587122917175293,
    0.07606744766235352,
    0.07313060760498047,
    0.10840749740600586,
    0.07543683052062988,
    0.1061103343963623,
    0.07263731956481934,
    0.06286048889160156,
    0.0816948413848877,
    0.08160161972045898,
    0.07246947288513184,
    0.07303142547607422,
    0.06460356712341309,
    0.08892202377319336,
    0.07081413269042969,
    0.07366251945495605,
    0.07285284996032715,
    0.05827474594116211,
    0.07217574119567871,
    0.06271481513977051,
    0.07249307632446289,
    0.07330513000488281,
    0.06899833679199219,
    0.07364320755004883,
    0.09259963035583496,
    0.1098170280456543,
    0.08583688735961914,
    0.061618804931640625,
    0.07591986656188965,
    0.0747833251953125,
    0.07216119766235352,
    0.06216263771057129,
    0.09286618232727051,
    0.07718253135681152,
    0.11093997955322266,
    0.06929373741149902,
    0.07152032852172852,
    0.09891200065612793,
    0.07425069808959961,
    0.07502341270446777,
    0.10982918739318848,
    0.0837247371673584,
    0.10700845718383789,
    0.08288121223449707,
    0.07359480857849121,
    0.11050891876220703,
    0.07404780387878418,
    0.08701801300048828,
    0.08334803581237793,
    0.0823979377746582,
    0.07471799850463867,
    0.09521937370300293,
    0.08101797103881836,
    0.05613851547241211,
    0.07552504539489746,
    0.09293889999389648,
    0.07265591621398926,
    0.07153058052062988,
    0.08592104911804199,
    0.07126283645629883,
    0.08325839042663574,
    0.06000256538391113,
    0.06372785568237305,
    0.0815587043762207,
    0.07175779342651367,
    0.07471561431884766,
    0.07601690292358398,
    0.06235527992248535,
    0.09407830238342285,
    0.08218717575073242,
    0.07425832748413086,
    0.07223677635192871,
    0.07473993301391602,
    0.07516646385192871,
    0.07094597816467285,
    0.07460856437683105,
    0.07036638259887695,
    0.09137725830078125,
    0.07073736190795898,
    0.06906867027282715,
    0.06210899353027344,
    0.07234358787536621,
    0.06378483772277832,
    0.07529711723327637,
    0.08474946022033691,
    0.0935509204864502,
    0.09496593475341797,
    0.06387948989868164,
    0.07381725311279297,
    0.07500481605529785,
    0.07243037223815918,
    0.06251025199890137,
    0.07344484329223633,
    0.09503936767578125,
    0.08853507041931152,
    0.07213783264160156,
    0.06437563896179199,
    0.08318638801574707,
    0.08335590362548828,
    0.0953972339630127,
    0.08087730407714844,
    0.07247233390808105,
    0.10939288139343262,
    0.08634257316589355,
    0.08047199249267578,
    0.07156181335449219,
    0.07496476173400879,
    0.07142329216003418,
    0.07295680046081543,
    0.07937788963317871,
    0.07034945487976074,
    0.08524465560913086,
    0.09064817428588867,
    0.06389880180358887,
    0.07490968704223633,
    0.07207179069519043,
    0.07284092903137207,
    0.08476781845092773,
    0.04553794860839844,
    0.0719459056854248,
    0.07102656364440918,
    0.06985163688659668,
    0.08611488342285156,
    0.07207679748535156
  ],