{
  "query_index": [
    0,
    1,
    2,
    3,
    4,
    5,
    6,
    7,
    8,
    9,
    10,
    11,
    12,
    13,
    14,
    15,
    16,
    17,
    18,
    19,
    20,
    21,
    22,
    23,
    24,
    25,
    26,
    27,
    28,
    29,
    30,
    31,
    32,
    33,
    34,
    35,
    36,
    37,
    38,
    39,
    40,
    41,
    42,
    43,
    44,
    45,
    46,
    47,
    48,
    49,
    50,
    51,
    52,
    53,
    54,
    55,
    56,
    57,
    58,
    59,
    60,
    61,
    62,
    63,
    64,
    65,
    66,
    67,
    68,
    69,
    70,
    71,
    72,
    73,
    74,
    75,
    76,
    77,
    78,
    79,
    80,
    81,
    82,
    83,
    84,
    85,
    86,
    87,
    88,
    89,
    90,
    91,
    92,
    93,
    94,
    95,
    96,
    97,
    98,
    99,
    100,
    101,
    102,
    103,
    104,
    105,
    106,
    107,
    108,
    109,
    110,
    111,
    112,
    113,
    114,
    115,
    116,
    117,
    118,
    119,
    120,
    121,
    122,
    123,
    124,
    125,
    126,
    127,
    128,
    129,
    130,
    131,
    132,
    133,
    134,
    135,
    136,
    137,
    138,
    139,
    140,
    141,
    142,
    143,
    144,
    145,
    146,
    147,
    148,
    149,
    150,
    151,
    152,
    153,
    154,
    155,
    156,
    157,
    158,
    159,
    160,
    161,
    162,
    163,
    164,
    165,
    166,
    167,
    168,
    169,
    170,
    171,
    172,
    173,
    174,
    175,
    176,
    177,
    178,
    179,
    180,
    181,
    182,
    183,
    184,
    185,
    186,
    187,
    188,
    189,
    190,
    191,
    192,
    193,
    194,
    195,
    196,
    197,
    198,
    199
  ],
  "ttft_full_seconds": [
    0.250307559967041,
    0.23071575164794922,
    0.25473690032958984,
    0.26260876655578613,
    0.29627108573913574,
    0.2783241271972656,
    0.27721261978149414,
    0.2734384536743164,
    0.25786256790161133,
    0.27722859382629395,
    0.26073718070983887,
    0.2672896385192871,
    0.2747478485107422,
    0.26812267303466797,
    0.24701952934265137,
    0.25808191299438477,
    0.2709627151489258,
    0.26448774337768555,
    0.25649571418762207,
    0.24318265914916992,
    0.23320293426513672,
    0.2586331367492676,
    0.2639772891998291,
    0.2858130931854248,
    0.26406407356262207,
    0.2809903621673584,
    0.2507328987121582,
    0.27151036262512207,
    0.28844332695007324,
    0.2668325901031494,
    0.2540748119354248,
    0.24959564208984375,
    0.3013341426849365,
    0.24956107139587402,
    0.18998003005981445,
    0.2672750949859619,
    0.2818136215209961,
    0.28157711029052734,
    0.2894465923309326,
    0.2758595943450928,
    0.2404155731201172,
    0.15779709815979004,
    0.31333065032958984,
    0.24825358390808105,
    0.2647848129272461,
    0.26297450065612793,
    0.2258443832397461,
    0.2581758499145508,
    0.16078567504882812,
    0.24945998191833496,
    0.26850008964538574,
    0.2606825828552246,
    0.2767453193664551,
    0.2873082160949707,
    0.2376232147216797,
    0.234574556350708,
    0.29305124282836914,
    0.18227696418762207,
    0.2577691078186035,
    0.2776756286621094,
    0.2559230327606201,
    0.2663145065307617,
    0.24108338356018066,
    0.25314879417419434,
    0.2624392509460449,
    0.2676265239715576,
    0.21409344673156738,
    0.2656211853027344,
    0.2899501323699951,
    0.12850570678710938,
    0.27867913246154785,
    0.2670161724090576,
    0.2473154067993164,
    0.2615816593170166,
    0.2487192153930664,
    0.21414709091186523,
    0.262876033782959,
    0.265683650970459,
    0.2600703239440918,
    0.29254913330078125,
    0.2686581611633301,
    0.2876572608947754,
    0.26886963844299316,
    0.26006174087524414,
    0.27439093589782715,
    0.27158665657043457,
    0.2574589252471924,
    0.2556641101837158,
    0.24448227882385254,
    0.27965831756591797,
    0.23071026802062988,
    0.2631964683532715,
    0.2542574405670166,
    0.20538783073425293,
    0.2537102699279785,
    0.23596405982971191,
    0.25924205780029297,
    0.2639641761779785,
    0.2215099334716797,
    0.2725670337677002,
    0.29828810691833496,
    0.3257637023925781,
    0.303722620010376,
    0.22840523719787598,
    0.2812221050262451,
    0.26400065422058105,
    0.2528879642486572,
    0.23465561866760254,
    0.28237056732177734,
    0.27553892135620117,
    0.3064086437225342,
    0.26525187492370605,
    0.2619502544403076,
    0.29809069633483887,
    0.26463890075683594,
    0.2547333240509033,
    0.28444695472717285,
    0.2481541633605957,
    0.27526354789733887,
    0.26889896392822266,
    0.2516465187072754,
    0.2769339084625244,
    0.2516353130340576,
    0.2643616199493408,
    0.2631227970123291,
    0.24949932098388672,
    0.24659419059753418,
    0.273390531539917,
    0.2521951198577881,
    0.16785573959350586,
    0.24447083473205566,
    0.26601481437683105,
    0.24591660499572754,
    0.2363109588623047,
    0.2693612575531006,
    0.23923397064208984,
    0.25293564796447754,
    0.21419167518615723,
    0.2475876808166504,
    0.26941847801208496,
    0.24903297424316406,
    0.2672898769378662,
    0.2636301517486572,
    0.24991202354431152,
    0.27230191230773926,
    0.2792172431945801,
    0.26746106147766113,
    0.2611567974090576,
    0.2689197063446045,
    0.26087307929992676,
    0.23843121528625488,
    0.2570023536682129,
    0.24187541007995605,
    0.2771637439727783,
    0.2582104206085205,
    0.2576942443847656,
    0.2432262897491455,
    0.26089048385620117,
    0.2606227397918701,
    0.2677769660949707,
    0.2879753112792969,
    0.28063058853149414,
    0.3104724884033203,
    0.27706480026245117,
    0.2776501178741455,
    0.2706124782562256,
    0.2596900463104248,
    0.23691368103027344,
    0.26650023460388184,
    0.27173519134521484,
    0.2429044246673584,
    0.25777149200439453,
    0.24743890762329102,
    0.2702925205230713,
    0.28185057640075684,
    0.2974264621734619,
    0.2634468078613281,
    0.26956653594970703,
    0.32013535499572754,
    0.2903118133544922,
    0.27961301803588867,
    0.256472110748291,
    0.2709829807281494,
    0.2565145492553711,
    0.2630329132080078,
    0.27921485900878906,
    0.24089765548706055,
    0.2718355655670166,
    0.2661745548248291,
    0.2504734992980957,
    0.25540828704833984,
    0.2483067512512207,
    0.25324416160583496,
    0.2646667957305908,
    0.14141178131103516,
    0.2444753646850586,
    0.242903470993042,
    0.24542856216430664,
    0.2649540901184082,
    0.24468326568603516
  ],