{
  "query_index": [
    0,
    1,
    2,
    3,
    4,
    5,
    6,
    7,
    8,
    9,
    10,
    11,
    12,
    13,
    14,
    15,
    16,
    17,
    18,
    19,
    20,
    21,
    22,
    23,
    24,
    25,
    26,
    27,
    28,
    29,
    30,
    31,
    32,
    33,
    34,
    35,
    36,
    37,
    38,
    39,
    40,
    41,
    42,
    43,
    44,
    45,
    46,
    47,
    48,
    49,
    50,
    51,
    52,
    53,
    54,
    55,
    56,
    57,
    58,
    59,
    60,
    61,
    62,
    63,
    64,
    65,
    66,
    67,
    68,
    69,
    70,
    71,
    72,
    73,
    74,
    75,
    76,
    77,
    78,
    79,
    80,
    81,
    82,
    83,
    84,
    85,
    86,
    87,
    88,
    89,
    90,
    91,
    92,
    93,
    94,
    95,
    96,
    97,
    98,
    99,
    100,
    101,
    102,
    103,
    104,
    105,
    106,
    107,
    108,
    109,
    110,
    111,
    112,
    113,
    114,
    115,
    116,
    117,
    118,
    119,
    120,
    121,
    122,
    123,
    124,
    125,
    126,
    127,
    128,
    129,
    130,
    131,
    132,
    133,
    134,
    135,
    136,
    137,
    138,
    139,
    140,
    141,
    142,
    143,
    144,
    145,
    146,
    147,
    148,
    149,
    150,
    151,
    152,
    153,
    154,
    155,
    156,
    157,
    158,
    159,
    160,
    161,
    162,
    163,
    164,
    165,
    166,
    167,
    168,
    169,
    170,
    171,
    172,
    173,
    174,
    175,
    176,
    177,
    178,
    179,
    180,
    181,
    182,
    183,
    184,
    185,
    186,
    187,
    188,
    189,
    190,
    191,
    192,
    193,
    194,
    195,
    196,
    197,
    198,
    199
  ],
  "ttft_blend_seconds": [
    0.15604829788208008,
    0.15675139427185059,
    0.14427757263183594,
    0.1601250171661377,
    0.15457630157470703,
    0.14191126823425293,
    0.14479970932006836,
    0.1519641876220703,
    0.16530752182006836,
    0.16414523124694824,
    0.16626596450805664,
    0.16014528274536133,
    0.16273736953735352,
    0.16939902305603027,
    0.16284894943237305,
    0.16635632514953613,
    0.16610455513000488,
    0.16163349151611328,
    0.16442012786865234,
    0.1670844554901123,
    0.153961181640625,
    0.16347813606262207,
    0.17032074928283691,
    0.17539048194885254,
    0.16421270370483398,
    0.16133522987365723,
    0.1645658016204834,
    0.155259370803833,
    0.17670750617980957,
    0.15662384033203125,
    0.1547081470489502,
    0.16851234436035156,
    0.16524124145507812,
    0.16530513763427734,
    0.15050315856933594,
    0.16349530220031738,
    0.16870427131652832,
    0.1668686866760254,
    0.1640474796295166,
    0.16954851150512695,
    0.1632533073425293,
    0.16437578201293945,
    0.16923069953918457,
    0.17208099365234375,
    0.16900062561035156,
    0.15944385528564453,
    0.16723299026489258,
    0.1575336456298828,
    0.16781091690063477,
    0.1713724136352539,
    0.15335988998413086,
    0.15757060050964355,
    0.17678213119506836,
    0.16810226440429688,
    0.17214751243591309,
    0.1711118221282959,
    0.171553373336792,
    0.1720294952392578,
    0.15928936004638672,
    0.16881608963012695,
    0.1734006404876709,
    0.16019845008850098,
    0.15697264671325684,
    0.1619853973388672,
    0.18255305290222168,
    0.16800212860107422,
    0.1735844612121582,
    0.17171549797058105,
    0.17345547676086426,
    0.17140460014343262,
    0.16247773170471191,
    0.1680147647857666,
    0.16109919548034668,
    0.16802620887756348,
    0.17223620414733887,
    0.17421627044677734,
    0.16510820388793945,
    0.15676236152648926,
    0.17163610458374023,
    0.18442845344543457,
    0.17397332191467285,
    0.17510509490966797,
    0.18160676956176758,
    0.181321382522583,
    0.1628398895263672,
    0.17165160179138184,
    0.1585080623626709,
    0.17131495475769043,
    0.15766048431396484,
    0.17341399192810059,
    0.1593914031982422,
    0.17978239059448242,
    0.1831655502319336,
    0.1718137264251709,
    0.17157983779907227,
    0.15939998626708984,
    0.15978240966796875,
    0.17424392700195312,
    0.17436861991882324,
    0.17694950103759766,
    0.17232584953308105,
    0.27205848693847656,
    0.1606745719909668,
    0.1764545440673828,
    0.16942977905273438,
    0.17042994499206543,
    0.17371892929077148,
    0.18117761611938477,
    0.1731584072113037,
    0.16939973831176758,
    0.180070161819458,
    0.17105364799499512,
    0.15666627883911133,
    0.166367769241333,
    0.17112040519714355,
    0.16047382354736328,
    0.16935205459594727,
    0.1648414134979248,
    0.14736294746398926,
    0.16839909553527832,
    0.1671140193939209,
    0.16893625259399414,
    0.1644909381866455,
    0.16806983947753906,
    0.16640901565551758,
    0.16925978660583496,
    0.16722679138183594,
    0.1787276268005371,
    0.1555783748626709,
    0.1547074317932129,
    0.15398526191711426,
    0.1667177677154541,
    0.16586852073669434,
    0.17160844802856445,
    0.16817164421081543,
    0.18130016326904297,
    0.16977524757385254,
    0.15686655044555664,
    0.16015100479125977,
    0.1725599765777588,
    0.17404818534851074,
    0.1700594425201416,
    0.16683745384216309,
    0.16752314567565918,
    0.17060542106628418,
    0.16811013221740723,
    0.17902922630310059,
    0.1699225902557373,
    0.1492905616760254,
    0.16782593727111816,
    0.1551196575164795,
    0.1701962947845459,
    0.16618585586547852,
    0.1677839756011963,
    0.16721272468566895,
    0.1704874038696289,
    0.16815471649169922,
    0.16087841987609863,
    0.18690085411071777,
    0.1729884147644043,
    0.15041303634643555,
    0.17792725563049316,
    0.17326903343200684,
    0.15956568717956543,
    0.17406511306762695,
    0.17777180671691895,
    0.16137909889221191,
    0.1716444492340088,
    0.17292213439941406,
    0.17351794242858887,
    0.17087769508361816,
    0.18223142623901367,
    0.1719663143157959,
    0.170579195022583,
    0.18116164207458496,
    0.17041301727294922,
    0.15819048881530762,
    0.1693711280822754,
    0.17154264450073242,
    0.1838235855102539,
    0.18262529373168945,
    0.16137409210205078,
    0.18503904342651367,
    0.1696455478668213,
    0.17509698867797852,
    0.1826004981994629,
    0.1786344051361084,
    0.1688709259033203,
    0.17363429069519043,
    0.17195844650268555,
    0.18787860870361328,
    0.17043328285217285,
    0.17037105560302734,
    0.16462135314941406,
    0.16129350662231445,
    0.17180800437927246,
    0.17875266075134277,
    0.17355847358703613,
    0.17428970336914062,
    0.16948699951171875
  ],