{
  "query_index": [
    0,
    1,
    2,
    3,
    4,
    5,
    6,
    7,
    8,
    9,
    10,
    11,
    12,
    13,
    14,
    15,
    16,
    17,
    18,
    19,
    20,
    21,
    22,
    23,
    24,
    25,
    26,
    27,
    28,
    29,
    30,
    31,
    32,
    33,
    34,
    35,
    36,
    37,
    38,
    39,
    40,
    41,
    42,
    43,
    44,
    45,
    46,
    47,
    48,
    49,
    50,
    51,
    52,
    53,
    54,
    55,
    56,
    57,
    58,
    59,
    60,
    61,
    62,
    63,
    64,
    65,
    66,
    67,
    68,
    69,
    70,
    71,
    72,
    73,
    74,
    75,
    76,
    77,
    78,
    79,
    80,
    81,
    82,
    83,
    84,
    85,
    86,
    87,
    88,
    89,
    90,
    91,
    92,
    93,
    94,
    95,
    96,
    97,
    98,
    99,
    100,
    101,
    102,
    103,
    104,
    105,
    106,
    107,
    108,
    109,
    110,
    111,
    112,
    113,
    114,
    115,
    116,
    117,
    118,
    119,
    120,
    121,
    122,
    123,
    124,
    125,
    126,
    127,
    128,
    129,
    130,
    131,
    132,
    133,
    134,
    135,
    136,
    137,
    138,
    139,
    140,
    141,
    142,
    143,
    144,
    145,
    146,
    147,
    148,
    149,
    150,
    151,
    152,
    153,
    154,
    155,
    156,
    157,
    158,
    159,
    160,
    161,
    162,
    163,
    164,
    165,
    166,
    167,
    168,
    169,
    170,
    171,
    172,
    173,
    174,
    175,
    176,
    177,
    178,
    179,
    180,
    181,
    182,
    183,
    184,
    185,
    186,
    187,
    188,
    189,
    190,
    191,
    192,
    193,
    194,
    195,
    196,
    197,
    198,
    199
  ],
  "ttft_full_seconds": [
    0.25835752487182617,
    0.2815361022949219,
    0.2538454532623291,
    0.28396010398864746,
    0.27387523651123047,
    0.2533550262451172,
    0.2573552131652832,
    0.2728865146636963,
    0.2971041202545166,
    0.2819790840148926,
    0.2960200309753418,
    0.2980177402496338,
    0.28511857986450195,
    0.3080933094024658,
    0.28513336181640625,
    0.29723024368286133,
    0.2983253002166748,
    0.29117774963378906,
    0.2968449592590332,
    0.2865924835205078,
    0.27986764907836914,
    0.2991936206817627,
    0.3038163185119629,
    0.3119015693664551,
    0.2931792736053467,
    0.28737783432006836,
    0.29291200637817383,
    0.2785835266113281,
    0.31556248664855957,
    0.28382396697998047,
    0.2842903137207031,
    0.3019068241119385,
    0.2940537929534912,
    0.3049581050872803,
    0.27297067642211914,
    0.2923417091369629,
    0.3036818504333496,
    0.3012962341308594,
    0.2963087558746338,
    0.30879831314086914,
    0.2980177402496338,
    0.3012523651123047,
    0.3050532341003418,
    0.29949426651000977,
    0.3068692684173584,
    0.2873110771179199,
    0.30405354499816895,
    0.2864086627960205,
    0.2982625961303711,
    0.30763721466064453,
    0.2816452980041504,
    0.27895379066467285,
    0.3180875778198242,
    0.300750732421875,
    0.3114964962005615,
    0.3168928623199463,
    0.3049888610839844,
    0.3080403804779053,
    0.2950093746185303,
    0.3146169185638428,
    0.3131103515625,
    0.2984302043914795,
    0.2942945957183838,
    0.2923617362976074,
    0.3313736915588379,
    0.30318188667297363,
    0.3121528625488281,
    0.31317687034606934,
    0.30962371826171875,
    0.30936455726623535,
    0.2861049175262451,
    0.3030107021331787,
    0.28264760971069336,
    0.30988645553588867,
    0.30779075622558594,
    0.3058602809906006,
    0.2900052070617676,
    0.2719604969024658,
    0.30190253257751465,
    0.3192317485809326,
    0.30367136001586914,
    0.3087155818939209,
    0.3176581859588623,
    0.32099270820617676,
    0.28935980796813965,
    0.2975790500640869,
    0.2819252014160156,
    0.3007934093475342,
    0.2819514274597168,
    0.30672407150268555,
    0.2924213409423828,
    0.3229358196258545,
    0.32181382179260254,
    0.3086209297180176,
    0.3125724792480469,
    0.2899038791656494,
    0.2892909049987793,
    0.30745530128479004,
    0.3121616840362549,
    0.32170939445495605,
    0.3105640411376953,
    0.2695279121398926,
    0.29161834716796875,
    0.3227076530456543,
    0.29988574981689453,
    0.30300021171569824,
    0.31147336959838867,
    0.31911516189575195,
    0.3139824867248535,
    0.3059375286102295,
    0.325791597366333,
    0.31374359130859375,
    0.2778630256652832,
    0.30254054069519043,
    0.3105959892272949,
    0.29714059829711914,
    0.31433892250061035,
    0.3037099838256836,
    0.26926565170288086,
    0.3095734119415283,
    0.3080017566680908,
    0.30539369583129883,
    0.30723118782043457,
    0.3141782283782959,
    0.3035585880279541,
    0.3126561641693115,
    0.30195093154907227,
    0.3262817859649658,
    0.28339719772338867,
    0.278228759765625,
    0.2797563076019287,
    0.311342716217041,
    0.304659366607666,
    0.31435489654541016,
    0.30916929244995117,
    0.32736659049987793,
    0.307323694229126,
    0.28328919410705566,
    0.2949056625366211,
    0.3125474452972412,
    0.3171963691711426,
    0.31453514099121094,
    0.3142368793487549,
    0.3059871196746826,
    0.31394314765930176,
    0.2990388870239258,
    0.31997013092041016,
    0.3126528263092041,
    0.26813554763793945,
    0.2976107597351074,
    0.29114818572998047,
    0.31157374382019043,
    0.3019537925720215,
    0.3004939556121826,
    0.29831695556640625,
    0.30968546867370605,
    0.3083760738372803,
    0.285977840423584,
    0.31912970542907715,
    0.3122255802154541,
    0.2636833190917969,
    0.3145289421081543,
    0.3093681335449219,
    0.29276275634765625,
    0.30614423751831055,
    0.3213465213775635,
    0.2887115478515625,
    0.30799174308776855,
    0.3105759620666504,
    0.31043386459350586,
    0.3020918369293213,
    0.31885719299316406,
    0.3073420524597168,
    0.29701995849609375,
    0.32315540313720703,
    0.30045413970947266,
    0.2780168056488037,
    0.30486369132995605,
    0.2987329959869385,
    0.32275819778442383,
    0.32187700271606445,
    0.29082226753234863,
    0.3307151794433594,
    0.3012971878051758,
    0.3122985363006592,
    0.32660794258117676,
    0.33185744285583496,
    0.3146324157714844,
    0.3216667175292969,
    0.32151317596435547,
    0.33807945251464844,
    0.3207244873046875,
    0.31745028495788574,
    0.3026611804962158,
    0.30064988136291504,
    0.32454466819763184,
    0.3349013328552246,
    0.3242809772491455,
    0.33078765869140625,
    0.33730602264404297
  ],