{
  "query_index": [
    0,
    1,
    2,
    3,
    4,
    5,
    6,
    7,
    8,
    9,
    10,
    11,
    12,
    13,
    14,
    15,
    16,
    17,
    18,
    19,
    20,
    21,
    22,
    23,
    24,
    25,
    26,
    27,
    28,
    29,
    30,
    31,
    32,
    33,
    34,
    35,
    36,
    37,
    38,
    39,
    40,
    41,
    42,
    43,
    44,
    45,
    46,
    47,
    48,
    49,
    50,
    51,
    52,
    53,
    54,
    55,
    56,
    57,
    58,
    59,
    60,
    61,
    62,
    63,
    64,
    65,
    66,
    67,
    68,
    69,
    70,
    71,
    72,
    73,
    74,
    75,
    76,
    77,
    78,
    79,
    80,
    81,
    82,
    83,
    84,
    85,
    86,
    87,
    88,
    89,
    90,
    91,
    92,
    93,
    94,
    95,
    96,
    97,
    98,
    99,
    100,
    101,
    102,
    103,
    104,
    105,
    106,
    107,
    108,
    109,
    110,
    111,
    112,
    113,
    114,
    115,
    116,
    117,
    118,
    119,
    120,
    121,
    122,
    123,
    124,
    125,
    126,
    127,
    128,
    129,
    130,
    131,
    132,
    133,
    134,
    135,
    136,
    137,
    138,
    139,
    140,
    141,
    142,
    143,
    144,
    145,
    146,
    147,
    148,
    149,
    150,
    151,
    152,
    153,
    154,
    155,
    156,
    157,
    158,
    159,
    160,
    161,
    162,
    163,
    164,
    165,
    166,
    167,
    168,
    169,
    170,
    171,
    172,
    173,
    174,
    175,
    176,
    177,
    178,
    179,
    180,
    181,
    182,
    183,
    184,
    185,
    186,
    187,
    188,
    189,
    190,
    191,
    192,
    193,
    194,
    195,
    196,
    197,
    198,
    199
  ],
  "ttft_blend_seconds": [
    0.0660393238067627,
    0.07527279853820801,
    0.0636286735534668,
    0.07552599906921387,
    0.074127197265625,
    0.06538271903991699,
    0.06205129623413086,
    0.07053136825561523,
    0.07347726821899414,
    0.07554984092712402,
    0.07762336730957031,
    0.07766461372375488,
    0.07537436485290527,
    0.07767987251281738,
    0.0743246078491211,
    0.07768845558166504,
    0.07704305648803711,
    0.0757448673248291,
    0.07686233520507812,
    0.07529306411743164,
    0.07389521598815918,
    0.07781744003295898,
    0.07605719566345215,
    0.0785226821899414,
    0.07726263999938965,
    0.07667732238769531,
    0.07491850852966309,
    0.07364773750305176,
    0.07932925224304199,
    0.07466769218444824,
    0.07447361946105957,
    0.07584333419799805,
    0.07677388191223145,
    0.07839393615722656,
    0.07208514213562012,
    0.07563591003417969,
    0.07741260528564453,
    0.07644128799438477,
    0.07306337356567383,
    0.0775907039642334,
    0.07611632347106934,
    0.07628154754638672,
    0.07833385467529297,
    0.07694816589355469,
    0.07755732536315918,
    0.07037544250488281,
    0.07705187797546387,
    0.07487320899963379,
    0.07640838623046875,
    0.07646441459655762,
    0.07328653335571289,
    0.07424688339233398,
    0.07748961448669434,
    0.07466411590576172,
    0.07751250267028809,
    0.07717680931091309,
    0.07618165016174316,
    0.07639575004577637,
    0.07432317733764648,
    0.07717752456665039,
    0.07705116271972656,
    0.07521939277648926,
    0.0750424861907959,
    0.07454180717468262,
    0.07944011688232422,
    0.07734084129333496,
    0.07743501663208008,
    0.07739877700805664,
    0.07813739776611328,
    0.0781099796295166,
    0.07489347457885742,
    0.07548999786376953,
    0.07351899147033691,
    0.07727575302124023,
    0.0772707462310791,
    0.07680273056030273,
    0.07455730438232422,
    0.07268643379211426,
    0.07713603973388672,
    0.0777883529663086,
    0.07726287841796875,
    0.0780038833618164,
    0.07962298393249512,
    0.0785520076751709,
    0.07559442520141602,
    0.07570695877075195,
    0.07331514358520508,
    0.07511687278747559,
    0.07386231422424316,
    0.07826638221740723,
    0.07522439956665039,
    0.0791776180267334,
    0.07943534851074219,
    0.0780642032623291,
    0.07751035690307617,
    0.07357335090637207,
    0.07536530494689941,
    0.07805895805358887,
    0.07778525352478027,
    0.07914948463439941,
    0.07681870460510254,
    0.07146930694580078,
    0.07491374015808105,
    0.07739448547363281,
    0.07308745384216309,
    0.07439112663269043,
    0.0776832103729248,
    0.07765674591064453,
    0.07932567596435547,
    0.07800006866455078,
    0.07693696022033691,
    0.0786442756652832,
    0.0755760669708252,
    0.07561540603637695,
    0.07775020599365234,
    0.07584547996520996,
    0.0768747329711914,
    0.07697129249572754,
    0.06621360778808594,
    0.07703280448913574,
    0.0762944221496582,
    0.07723855972290039,
    0.07477426528930664,
    0.0774087905883789,
    0.07629847526550293,
    0.07908844947814941,
    0.07782912254333496,
    0.07805633544921875,
    0.07314014434814453,
    0.07168173789978027,
    0.07401394844055176,
    0.07806921005249023,
    0.07647275924682617,
    0.07821965217590332,
    0.07741904258728027,
    0.07840156555175781,
    0.07605934143066406,
    0.07198905944824219,
    0.0759272575378418,
    0.07397127151489258,
    0.07886266708374023,
    0.07657718658447266,
    0.07628130912780762,
    0.07546758651733398,
    0.07664060592651367,
    0.07803750038146973,
    0.07891249656677246,
    0.07764053344726562,
    0.06714439392089844,
    0.07698369026184082,
    0.07636094093322754,
    0.0784602165222168,
    0.07840466499328613,
    0.07615137100219727,
    0.07692122459411621,
    0.07764363288879395,
    0.07756733894348145,
    0.07537484169006348,
    0.07987475395202637,
    0.07758116722106934,
    0.0657496452331543,
    0.07892727851867676,
    0.07703995704650879,
    0.07373428344726562,
    0.07799267768859863,
    0.07863044738769531,
    0.07581758499145508,
    0.0770254135131836,
    0.07852673530578613,
    0.07820487022399902,
    0.07375311851501465,
    0.07772207260131836,
    0.07764506340026855,
    0.07629966735839844,
    0.07786202430725098,
    0.07555699348449707,
    0.07245707511901855,
    0.07602834701538086,
    0.07757234573364258,
    0.07828998565673828,
    0.07882022857666016,
    0.07408428192138672,
    0.07791924476623535,
    0.07422661781311035,
    0.07804203033447266,
    0.07872414588928223,
    0.07908821105957031,
    0.07848238945007324,
    0.07669544219970703,
    0.07675600051879883,
    0.07935857772827148,
    0.07847785949707031,
    0.07769060134887695,
    0.07230138778686523,
    0.07179880142211914,
    0.07782268524169922,
    0.07892131805419922,
    0.07875847816467285,
    0.0782630443572998,
    0.07838106155395508
  ],